id,filename,stage,title,artist,date,medium,culture,museum,objectNumber,objectURL,imageURL,license,creditLine,description,descriptionSource,repeatOf
1,001.jpg,birth,Crucifix,"Africa, Central Africa, Kongo Kingdom, Kongo-style maker(s)",late 1800s-early 1900s,"Copper alloy, wood, upholstery studs, and iron alloy","Africa, Central Africa, Kongo Kingdom, Kongo-style maker(s)",Cleveland Museum of Art,2010.444,https://clevelandart.org/art/2010.444,https://openaccess-cdn.clevelandart.org/2010.444/2010.444_print.jpg,CC0 (Cleveland Museum of Art Open Access),"René and Odette Delenne Collection, Leonard C. Hanna Jr. Fund","Made centuries after Catholicism became the Kongo Kingdom's official faith, this crucifix gives Christ braids like a Kongo man. The x-shape incised into his waist wrapper references the dikenga dia Kongo, a symbol that diagrams the life cycle's four points.",museum (abridged),
2,002.jpg,birth,"Primordial Chaos, No. 16 (Group I, The WU/Rose Series)","Hilma af Klint (Swedish, 1862–1944)",1906–07,Oil on canvas,,"Hilma af Klint Foundation, Stockholm (via Wikimedia Commons)",,"https://commons.wikimedia.org/wiki/File:Hilma_af_Klint,_1906-07,_Primordial_Chaos_-_No_16.jpg",https://upload.wikimedia.org/wikipedia/commons/3/3e/Hilma_af_Klint%2C_1906-07%2C_Primordial_Chaos_-_No_16.jpg?utm_source=commons.wikimedia.org&utm_campaign=imageinfo&utm_content=original,Public domain (Wikimedia Commons; artist died 1944),,"From the first group of Hilma af Klint's Paintings for the Temple, begun in 1906. Green and gold coils spiral inward on a deep blue ground, picturing the world at its origin.",written for this exhibition,
3,003.jpg,birth,Morning,"Philipp Otto Runge (German, 1777–1810)",1803–5,etching on heavy wove paper,Germany,Cleveland Museum of Art,2024.2.1,https://clevelandart.org/art/2024.2.1,https://openaccess-cdn.clevelandart.org/2024.2.1/2024.2.1_print.jpg,CC0 (Cleveland Museum of Art Open Access),Severance and Greta Millikin Purchase Fund,Philipp Otto Runge's four-part print series Times of Day represents not only the four times of day but also the seasons and the stages of human life.,museum (abridged),
4,004.jpg,birth,"The First Day (Dies I): The Separation of Darkness and Light, plate 1 from ""The Creation of the World""",Jan Muller,1589,Engraving; New Holl.'s second state of two,,The Metropolitan Museum of Art,53.601.338(7),https://www.metmuseum.org/art/collection/search/374000,https://images.metmuseum.org/CRDImages/dp/original/DP261963.jpg,"Public Domain (The Met Open Access, CC0)","Harris Brisbane Dick Fund, 1953","The first plate of Jan Muller's engraved series The Creation of the World, showing the first day, when darkness was separated from light.",written for this exhibition,
5,005.jpg,birth,The Seed finding Good Earth,"Philip Galle (Flemish, 1537–1612); Gerard van Groeningen (Flemish)",1574,engraving,Netherlands,Cleveland Museum of Art,2023.128.4,https://clevelandart.org/art/2023.128.4,https://openaccess-cdn.clevelandart.org/2023.128.4/2023.128.4_print.jpg,CC0 (Cleveland Museum of Art Open Access),L. E. Holden Fund,"One of four prints of the biblical parable of the sower. Here the sower finds fertile soil for his seed, resulting in the bountiful harvest seen in the background.",museum (abridged),
6,006.jpg,birth,Vessel in the Form of an Ostrich Egg,"Egypt, New Kingdom (1540–1069 BCE), Dynasty 18",c. 1540–1296 BCE,travertine,"Egypt, New Kingdom (1540–1069 BCE), Dynasty 18",Cleveland Museum of Art,1914.620,https://clevelandart.org/art/1914.620,https://openaccess-cdn.clevelandart.org/1914.620/1914.620_print.jpg,CC0 (Cleveland Museum of Art Open Access),Gift of the John Huntington Art and Polytechnic Trust,"Ancient Egyptian men and women loved cosmetics, and the objects that held them were given lavish treatment. Here the fanciful form is an ostrich egg.",museum (abridged),
7,007.jpg,birth,Red-Figure Squat Lekythos (Oil Vessel): Birth of Erichthonios,"Meidias Painter (Greek, Attic, active c. 420–400 BCE)",c. 420–410 BCE,"ceramic, with gilding","Greek, Attic",Cleveland Museum of Art,1982.142,https://clevelandart.org/art/1982.142,https://openaccess-cdn.clevelandart.org/1982.142/1982.142_print.jpg,CC0 (Cleveland Museum of Art Open Access),Leonard C. Hanna Jr. Fund,"The earth goddess Ge (also known as Gaia) hands her baby, Erichthonios, to Athena. Erichthonios would go on to become a king of Athens.",museum (abridged),
8,008.jpg,birth,"The Ten Largest, No. 1, Childhood (Group IV)","Hilma af Klint (Swedish, 1862–1944)",1907,"Tempera on paper mounted on canvas, 322 × 239 cm",,"Hilma af Klint Foundation, Stockholm (via Wikimedia Commons)",HAK102,https://commons.wikimedia.org/wiki/File:Hilma_af_Klint_-_The_Ten_Largest_No._1_-_Childhood_-_1907.jpg,https://upload.wikimedia.org/wikipedia/commons/3/34/Hilma_af_Klint_-_The_Ten_Largest_No._1_-_Childhood_-_1907.jpg?utm_source=commons.wikimedia.org&utm_campaign=imageinfo&utm_content=original,Public domain (Wikimedia Commons; artist died 1944),,"The first of The Ten Largest, Hilma af Klint's series on the stages of human life: childhood, youth, adulthood and old age. More than three meters tall, it blooms with flower-like forms on a blue ground.",written for this exhibition,
9,009.jpg,growth,"The Ten Largest, No. 3, Youth (Group IV)","Hilma af Klint (Swedish, 1862–1944)",1907,"Tempera on paper mounted on canvas, 321 × 240 cm",,"Hilma af Klint Foundation, Stockholm (via Wikimedia Commons)",HAK104,https://commons.wikimedia.org/wiki/File:Hilma_af_Klint_-_The_Ten_Largest_No._3_-_Youth_-_1907.jpg,https://upload.wikimedia.org/wikipedia/commons/e/e9/Hilma_af_Klint_-_The_Ten_Largest_No._3_-_Youth_-_1907.jpg?utm_source=commons.wikimedia.org&utm_campaign=imageinfo&utm_content=original,Public domain (Wikimedia Commons; artist died 1944),,"Youth, the third panel of Hilma af Klint's The Ten Largest, a series on the stages of human life painted at monumental scale.",written for this exhibition,
10,010.jpg,growth,Mother and Child Figure,"Africa, Central Africa, Democratic Republic of Congo (most likely), Cabinda, or Republic of the Congo, probably Yombe-style maker",late 1800s–early 1900s,Wood and paint,"Africa, Central Africa, Democratic Republic of Congo (most likely), Cabinda, or Republic of the Congo, probably Yombe-style maker",Cleveland Museum of Art,1997.149,https://clevelandart.org/art/1997.149,https://openaccess-cdn.clevelandart.org/1997.149/1997.149_print.jpg,CC0 (Cleveland Museum of Art Open Access),Leonard C. Hanna Jr. Fund,"Attributed to the Yombe peoples, this mother and child figure's naturalism suggests that it could have been the portrait of a real person.",museum (abridged),
11,011.jpg,growth,"A Poppy in Three Stages of Flowering, with a Caterpillar, Pupa and Butterfly",Johanna Helena Herolt (née Graff),late 17th–early 18th century,Watercolor and gouache over traces of black chalk,,The Metropolitan Museum of Art,2005.4,https://www.metmuseum.org/art/collection/search/366733,https://images.metmuseum.org/CRDImages/dp/original/DP800924.jpg,"Public Domain (The Met Open Access, CC0)","Purchase, The Elisha Whittelsey Collection, The Elisha Whittelsey Fund, Anonymous Gift, in memory of Frits Markus, and Karen B. Cohen Fund, 2005","Johanna Helena Herolt, the daughter of Maria Sibylla Merian, painted a poppy in three stages of flowering together with a caterpillar, pupa and butterfly.",written for this exhibition,
12,012.jpg,growth,Day,"Philipp Otto Runge (German, 1777–1810)",1803–5,etching on heavy wove paper,Germany,Cleveland Museum of Art,2024.2.2,https://clevelandart.org/art/2024.2.2,https://openaccess-cdn.clevelandart.org/2024.2.2/2024.2.2_print.jpg,CC0 (Cleveland Museum of Art Open Access),Severance and Greta Millikin Purchase Fund,"Day, from Philipp Otto Runge's Times of Day, a four-part series that also represents the seasons and the stages of human life.",museum (abridged),
13,013.jpg,growth,Nautilus Cup,"Cornelis Jansz van der Burch (Dutch, active in Delft, d. 1615)",1607,"Silver-gilt, nautilus shell","Netherlands, Holland, Delft",Cleveland Museum of Art,2023.154,https://clevelandart.org/art/2023.154,https://openaccess-cdn.clevelandart.org/2023.154/2023.154_print.jpg,CC0 (Cleveland Museum of Art Open Access),Purchase from the J. H. Wade Fund,"Nautilus shells were brought to the Netherlands from Indonesia. Skilled Dutch silversmiths mounted them in silver, creating luxurious vessels sought after by wealthy collectors.",museum (abridged),
14,014.jpg,growth,"The Ten Largest, No. 7, Adulthood (Group IV)","Hilma af Klint (Swedish, 1862–1944)",1907,"Tempera on paper mounted on canvas, 315 × 235 cm",,"Hilma af Klint Foundation, Stockholm (via Wikimedia Commons)",HAK108,https://commons.wikimedia.org/wiki/File:Hilma_af_Klint_-_The_Ten_Largest_No._7_-_Adulthood_-_1907.jpg,https://upload.wikimedia.org/wikipedia/commons/6/62/Hilma_af_Klint_-_The_Ten_Largest_No._7_-_Adulthood_-_1907.jpg?utm_source=commons.wikimedia.org&utm_campaign=imageinfo&utm_content=original,Public domain (Wikimedia Commons; artist died 1944),,"Adulthood, the seventh panel of Hilma af Klint's The Ten Largest. Large yellow forms swell at the center, surrounded by smaller shapes and script-like lines.",written for this exhibition,
15,015.jpg,growth,Orchid Blossoms,"Martin Johnson Heade (American, 1819–1904)",1873,oil on canvas,America,Cleveland Museum of Art,1915.461,https://clevelandart.org/art/1915.461,https://openaccess-cdn.clevelandart.org/1915.461/1915.461_print.jpg,CC0 (Cleveland Museum of Art Open Access),Hinman B. Hurlbut Collection,"After three trips to Central and South America, Martin Johnson Heade made a large number of paintings of birds and flowers, especially orchids, in a tropical setting.",museum (abridged),
16,016.jpg,growth,Tree Root,"China, Qing dynasty (1644-1911)",before 1800s,wood with carved base,"China, Qing dynasty (1644-1911)",Cleveland Museum of Art,2003.44,https://clevelandart.org/art/2003.44,https://openaccess-cdn.clevelandart.org/2003.44/2003.44_print.jpg,CC0 (Cleveland Museum of Art Open Access),Gift of various donors to the department of Asian Art (by exchange),"The twists and turns, ebb and flow of the natural form of the tree root can be interpreted as the energy that gives life and the endless transformations in the universe.",museum (abridged),
17,017.jpg,death,"The Ten Largest, No. 10, Old Age (Group IV)","Hilma af Klint (Swedish, 1862–1944)",1907,Tempera on paper mounted on canvas,,"Hilma af Klint Foundation, Stockholm (via Wikimedia Commons)",,https://commons.wikimedia.org/wiki/File:Hilma_af_Klint_-_The_Ten_Largest_no._10_-_Old_Age_-_1907.jpg,https://upload.wikimedia.org/wikipedia/commons/1/1e/Hilma_af_Klint_-_The_Ten_Largest_no._10_-_Old_Age_-_1907.jpg?utm_source=commons.wikimedia.org&utm_campaign=imageinfo&utm_content=original,Public domain (Wikimedia Commons; artist died 1944),,"The last of Hilma af Klint's The Ten Largest. In Old Age, four colored fields sit inside a calm grid on a pale pink ground.",written for this exhibition,
18,018.jpg,death,Evening,"Philipp Otto Runge (German, 1777–1810)",1803–5,etching on heavy wove paper,Germany,Cleveland Museum of Art,2024.2.3,https://clevelandart.org/art/2024.2.3,https://openaccess-cdn.clevelandart.org/2024.2.3/2024.2.3_print.jpg,CC0 (Cleveland Museum of Art Open Access),Severance and Greta Millikin Purchase Fund,"Evening, from Philipp Otto Runge's Times of Day, a four-part series that also represents the seasons and the stages of human life.",museum (abridged),
19,019.jpg,death,Low Waterfall in a Wooded Landscape with a Dead Beech Tree,"Jacob van Ruisdael (Dutch, 1628/29–1682)",c. 1660–70,oil on canvas,Netherlands,Cleveland Museum of Art,1967.63,https://clevelandart.org/art/1967.63,https://openaccess-cdn.clevelandart.org/1967.63/1967.63_print.jpg,CC0 (Cleveland Museum of Art Open Access),Mr. and Mrs. William H. Marlatt Fund,"The massive silvery trunk of a dead tree juts from a dune. In Jacob van Ruisdael's landscapes, dead trees, waterfalls, and ruined buildings were visual expressions of the passage of time.",museum (abridged),
20,020.jpg,death,"Sand Dunes, Carson Desert, Nevada","Timothy H. O'Sullivan (American, 1840–1882)",1867,albumen print from wet collodion negative,America,Cleveland Museum of Art,2002.45,https://clevelandart.org/art/2002.45,https://openaccess-cdn.clevelandart.org/2002.45/2002.45_print.jpg,CC0 (Cleveland Museum of Art Open Access),John L. Severance Fund,"A desolate place discovered by a lonely explorer: the framing blocks the horizon and shows a single wagon, the photographer's converted portable darkroom, and only two sets of footprints.",museum (abridged),
21,021.jpg,death,"Large Speos - View taken from the Sand Slope (Temple of Ramesses II), Abu Simbel","Félix Teynard (French, 1817–1892); Goupil et Cie",1851–52,salted paper print from calotype negative,"France, 19th century",Cleveland Museum of Art,1992.234,https://clevelandart.org/art/1992.234,https://openaccess-cdn.clevelandart.org/1992.234/1992.234_print.jpg,CC0 (Cleveland Museum of Art Open Access),Andrew R. and Martha Holden Jennings Fund,Teynard sets the colossal sculptures of Abu Simbel into the context of large cliffs and vast expanses of desert. The temple was relocated in 1968 to prevent its submersion; this view no longer exists.,museum (abridged),
22,022.jpg,death,Ruins of an Ancient City,"John Martin (British, 1789–1854)",c. 1810–20,"oil on paper, mounted on canvas","England, 19th century",Cleveland Museum of Art,1981.13,https://clevelandart.org/art/1981.13,https://openaccess-cdn.clevelandart.org/1981.13/1981.13_print.jpg,CC0 (Cleveland Museum of Art Open Access),Mr. and Mrs. William H. Marlatt Fund,An imagined scene of a ruined ancient city bathed in the nostalgic glow of twilight.,museum (abridged),
23,023.jpg,death,Funerary Portrait of a Young Girl,"Egypt, Roman Empire, late Tiberian",c. 25–37 CE,encaustic on linden wood,"Egypt, Roman Empire, late Tiberian",Cleveland Museum of Art,1971.137,https://clevelandart.org/art/1971.137,https://openaccess-cdn.clevelandart.org/1971.137/1971.137_print.jpg,CC0 (Cleveland Museum of Art Open Access),John L. Severance Fund,"Made for a burial in Roman Egypt, where mummification created a physical ""duplicate"" for the soul to rest in. Golden lips and jewelry may have been meant to transform the spirit, not to beautify the mortal body.",museum (abridged),
24,024.jpg,death,Male figure (nkisi nkondi),"Democratic Republic of Congo or Cabinda (Angola), Kongo artist and nganga (priest)",late 1800s-early 1900s,"Wood, metalized glass, iron, organic material, ivory or plastic, and natural fiber","Democratic Republic of Congo or Cabinda (Angola), Kongo artist and nganga (priest)",Cleveland Museum of Art,2010.432,https://clevelandart.org/art/2010.432,https://openaccess-cdn.clevelandart.org/2010.432/2010.432_print.jpg,CC0 (Cleveland Museum of Art Open Access),"René and Odette Delenne Collection, Leonard C. Hanna Jr. Fund","This power figure once hosted a spirit after priests placed empowering substances inside it. When the nkisi had served its purpose, the materials were removed, stripping it of its spiritual power.",museum (abridged),
25,025.jpg,death,Burial Urn with Cover,"Korea, Three Kingdoms period (57 BCE–668 CE)",300s–500s CE,earthenware with impressed design,"Korea, Three Kingdoms period (57 BCE–668 CE)",Cleveland Museum of Art,1990.131,https://clevelandart.org/art/1990.131,https://openaccess-cdn.clevelandart.org/1990.131/1990.131_print.jpg,CC0 (Cleveland Museum of Art Open Access),John L. Severance Fund,"This lidded jar once contained the cremated remains of the dead. Burial jars of this type became widespread after the introduction of Buddhism, as cremation became a common practice in Korea.",museum (abridged),
26,026.jpg,death,Bhu,"South India, Tamil Nadu, probably Pudokkatai, early Chola Dynasty, 10th Century",900–950,granite,"South India, Tamil Nadu, probably Pudokkatai, early Chola Dynasty, 10th Century",Cleveland Museum of Art,1963.104.3,https://clevelandart.org/art/1963.104.3,https://openaccess-cdn.clevelandart.org/1963.104.3/1963.104.3_print.jpg,CC0 (Cleveland Museum of Art Open Access),John L. Severance Fund,"One of Vishnu's two wives, Bhu, the earth goddess, holds the lotus in her left hand.",museum,
27,027.jpg,death,Night,"Philipp Otto Runge (German, 1777–1810)",1803–5,etching on heavy wove paper,Germany,Cleveland Museum of Art,2024.2.4,https://clevelandart.org/art/2024.2.4,https://openaccess-cdn.clevelandart.org/2024.2.4/2024.2.4_print.jpg,CC0 (Cleveland Museum of Art Open Access),Severance and Greta Millikin Purchase Fund,"Night, from Philipp Otto Runge's Times of Day, a four-part series that also represents the seasons and the stages of human life.",museum (abridged),
28,028.jpg,rebirth,Cicada,"China, Zhou dynasty (c. 1046–256 BCE)",1100–1000 BCE,jade,"China, Zhou dynasty (c. 1046–256 BCE)",Cleveland Museum of Art,1952.493,https://clevelandart.org/art/1952.493,https://openaccess-cdn.clevelandart.org/1952.493/1952.493_print.jpg,CC0 (Cleveland Museum of Art Open Access),Anonymous Gift,"A carved jade cicada. Cicadas emerge from the earth after years underground, and in ancient Chinese art they came to be associated with rebirth.",written for this exhibition,
29,029.jpg,rebirth,Heart Scarab of Nefer,"Egypt, New Kingdom (1540–1069 BCE), Dynasty 18",1540–1296 BCE,graywacke,"Egypt, New Kingdom (1540–1069 BCE), Dynasty 18",Cleveland Museum of Art,1921.1030,https://clevelandart.org/art/1921.1030,https://openaccess-cdn.clevelandart.org/1921.1030/1921.1030_print.jpg,CC0 (Cleveland Museum of Art Open Access),The Charles W. Harkness Endowment Fund,Amulets like the heart scarab were placed in a mummy's wrappings to protect the deceased during their journey in the afterlife. The scarab beetle was an Egyptian symbol of renewal.,museum (abridged) + context,
30,030.jpg,rebirth,Convolvulus and Metamorphosis of the Convolvulus Hawk Moth,"Maria Sibylla Merian (German, active Netherlands, 1647–1717)",c. 1670–90,watercolor with touches of opaque watercolor over indications in black chalk or graphite on vellum,Netherlands,Cleveland Museum of Art,2019.9,https://clevelandart.org/art/2019.9,https://openaccess-cdn.clevelandart.org/2019.9/2019.9_print.jpg,CC0 (Cleveland Museum of Art Open Access),John L. Severance Fund,"Maria Sibylla Merian reared caterpillars herself to study their life cycles. This drawing portrays the life cycle of the European pink-spotted hawk moth as well as its favorite food, the morning glory.",museum (abridged),
31,031.jpg,rebirth,"The Swan, No. 12 (Group IX/SUW)","Hilma af Klint (Swedish, 1862–1944)",1915,Oil on canvas,,"Hilma af Klint Foundation, Stockholm (via Wikimedia Commons)",,"https://commons.wikimedia.org/wiki/File:Hilma_Af_Klint_-_The_Swan,_No._12,_Group_IX_SUW,_1915_(13926).jpg",https://upload.wikimedia.org/wikipedia/commons/e/e7/Hilma_Af_Klint_-_The_Swan%2C_No._12%2C_Group_IX_SUW%2C_1915_%2813926%29.jpg?utm_source=commons.wikimedia.org&utm_campaign=imageinfo&utm_content=original,Public domain (Wikimedia Commons; artist died 1944),,"From Hilma af Klint's series The Swan, which explores opposites meeting and merging. A many-colored form joins a white sphere above and a brown sphere below.",written for this exhibition,
32,032.jpg,rebirth,Woman and Child,"Africa, Central Africa, Democratic Republic of Congo, Yombe-style carver",mid- to late 1800s,Wood,"Africa, Central Africa, Democratic Republic of Congo, Yombe-style carver",Cleveland Museum of Art,2003.35,https://clevelandart.org/art/2003.35,https://openaccess-cdn.clevelandart.org/2003.35/2003.35_print.jpg,CC0 (Cleveland Museum of Art Open Access),Andrew R. and Martha Holden Jennings Fund,"Her miter-shaped hairstyle, chiseled teeth, and raised body scars signal that the woman incarnates the founding ancestor of a kinship group.",museum (abridged),
33,033.jpg,rebirth,Ancestor Group Portrait,"China, Qing dynasty (1644-1911), Jiaqing period (1796-1820)",1796–1820,Hanging scroll; ink and color on paper,"China, Qing dynasty (1644-1911), Jiaqing period (1796-1820)",Cleveland Museum of Art,2019.82,https://clevelandart.org/art/2019.82,https://openaccess-cdn.clevelandart.org/2019.82/2019.82_print.jpg,CC0 (Cleveland Museum of Art Open Access),Gift of Joyce G. Ames in honor of her husband B. Charles Ames,"Thirty figures from various generations of ancestors, men on the right and women on the left. Scrolls of this type were displayed for worship at home during the New Year celebrations.",museum (abridged),
34,034.jpg,rebirth,"Altarpiece, No. 1 (Group X)","Hilma af Klint (Swedish, 1862–1944)",1915,Oil and metal leaf on canvas,,"Hilma af Klint Foundation, Stockholm (via Wikimedia Commons)",,https://commons.wikimedia.org/wiki/File:Hilma_af_Klint_-_Altarpiece_No._1_Group_X_(13919).jpg,https://upload.wikimedia.org/wikipedia/commons/3/33/Hilma_af_Klint_-_Altarpiece_No._1_Group_X_%2813919%29.jpg?utm_source=commons.wikimedia.org&utm_campaign=imageinfo&utm_content=original,Public domain (Wikimedia Commons; artist died 1944),,One of the three Altarpieces that close Hilma af Klint's Paintings for the Temple. A many-colored triangle rises toward a golden sun.,written for this exhibition,
35,035.jpg,rebirth,Mirror with Lotus and Mantra,"China, Yuan dynasty (1271–1368)",1271–1368,bronze,"China, Yuan dynasty (1271–1368)",Cleveland Museum of Art,1999.221,https://clevelandart.org/art/1999.221,https://openaccess-cdn.clevelandart.org/1999.221/1999.221_print.jpg,CC0 (Cleveland Museum of Art Open Access),Gift of Drs. Thomas and Martha Carter in Honor of Sherman E. Lee,"Around the central knob are four leaves, a ring of tiny beads, and a circle of small lotus flower designs; outside them, eight petal shapes each hold a Sanskrit letter.",museum (abridged),
36,036.jpg,return,Crucifix,"Africa, Central Africa, Kongo Kingdom, Kongo-style maker(s)",late 1800s-early 1900s,"Copper alloy, wood, upholstery studs, and iron alloy","Africa, Central Africa, Kongo Kingdom, Kongo-style maker(s)",Cleveland Museum of Art,2010.444,https://clevelandart.org/art/2010.444,https://openaccess-cdn.clevelandart.org/2010.444/2010.444_print.jpg,CC0 (Cleveland Museum of Art Open Access),"René and Odette Delenne Collection, Leonard C. Hanna Jr. Fund","Made centuries after Catholicism became the Kongo Kingdom's official faith, this crucifix gives Christ braids like a Kongo man. The x-shape incised into his waist wrapper references the dikenga dia Kongo, a symbol that diagrams the life cycle's four points.",museum (abridged),001.jpg
