id,filename,title,maker,artist,date,culture,period,medium,materials,dimensions,classification,department,provenance,creditLine,museum,objectNumber,objectURL,imageURL,license,copyright,description,tags
1,001.jpg,Spiral,,,7th–6th century BCE,Etruscan,,Silver,,Diameter: 3/4 × 1/4 in. (1.9 × 0.7 cm),Gold and Silver,Greek and Roman Art,,"Purchase by subscription, 1895",The Metropolitan Museum of Art,95.15.316,https://www.metmuseum.org/art/collection/search/246063,https://images.metmuseum.org/CRDImages/gr/original/sf9515316.jpg,"Public Domain (The Met Open Access, CC0)",,,
2,002.jpg,Spiral Armilla,,,c. 1500 BCE,"Central Europe, Bronze Age",,"bronze, wrought",,Overall: 16.5 x 12.1 cm (6 1/2 x 4 3/4 in.),Metalwork,Greek and Roman Art,"Dr. Egger, Vienna, sold at Sotheby's 1891; Pitt River; (Michael Ward, New York).",Purchase from the J. H. Wade Fund,Cleveland Museum of Art,1988.4,https://clevelandart.org/art/1988.4,https://openaccess-cdn.clevelandart.org/1988.4/1988.4_print.jpg,CC0 (Cleveland Museum of Art Open Access),,,
3,003.jpg,The Whirlpools of Awa,"Utagawa Hiroshige (Japanese, 1797–1858)","Utagawa Hiroshige (Japanese, 1797–1858)",1857,"Japan, Edo period (1615–1868)",,Triptych of color woodblock prints,,Overall: 38.4 x 25.8 cm (15 1/8 x 10 3/16 in.),Print,Japanese Art,"(Yamanaka & Co.) | Edward L. Whittemore [1862–1930], Cleveland, OH, bequest to the Cleveland Museum of Art | The Cleveland Museum of Art, Cleveland, OH",Bequest of Edward L. Whittemore,Cleveland Museum of Art,1930.183,https://clevelandart.org/art/1930.183,https://openaccess-cdn.clevelandart.org/1930.183/1930.183_print.jpg,CC0 (Cleveland Museum of Art Open Access),,"Late in his career, Hiroshige explored the poetic theme of <em>setsugekka</em>, “snow, moon, and flowers,” in a set of three triptychs. The swirling whirlpools at Awa would remind the viewer of flowers.",
4,004.jpg,The Dioscuri on Monte Cavallo (recto); Study of a Spiral Staircase (verso),Maarten van Heemskerck,Maarten van Heemskerck,ca. 1533,,,Pen and brown ink,,Sheet: 8 1/2 x 9 3/4 in. (21.6 x 24.8 cm),Drawings,Drawings and Prints,,"Purchase, David T. Schiff Gift, 2003",The Metropolitan Museum of Art,2003.158,https://www.metmuseum.org/art/collection/search/359491,https://images.metmuseum.org/CRDImages/dp/original/DP801202.jpg,"Public Domain (The Met Open Access, CC0)",,,Male Nudes; Horses
5,005.jpg,Jar with Spiral Designs,,,3300–2650 BCE,"Northwest China, Neolithic period, Majiayao culture, Majiayao phase (3300–2650 BCE)",,earthenware with slip-painted decoration,,Diameter: 39.1 cm (15 3/8 in.); Overall: 45.2 cm (17 13/16 in.),Ceramic,Chinese Art,"(Kaikodo, New York, NY) | Mr. James Sims Reid Jr. [1926–2020] and Mrs. Donna S. Reid [b. 1931], Cleveland Heights, OH, given to the Cleveland Museum of Art | The Cleveland Museum of Art, Cleveland, OH",Gift of Donna S. and James S. Reid Jr. in honor of Dr. Ju-hsi Chou,Cleveland Museum of Art,2004.64,https://clevelandart.org/art/2004.64,https://openaccess-cdn.clevelandart.org/2004.64/2004.64_print.jpg,CC0 (Cleveland Museum of Art Open Access),,"This jar is a spectacular example of painted pottery from the Majiayao culture, one of the regional cultures of prehistoric China. Its geometric patterns are probably abstract symbols transformed from a bird image, which may suggest a clan totem or nature spirits. Archaeological work confirms the coexistence of different regional cultures in ancient China, contesting the old belief that the Chinese civilization originated solely along the Yellow River. The artifacts of these cultures manifest distinctive characteristics; each one played a role in the formation of the greater Chinese civilization.",
6,006.jpg,Nebuleuse de la Lyre,Paul Henry,Paul Henry,ca. 1885,,,Albumen silver print from glass negative,,Image: 22.8 x 16.4 cm. (9  x 6  7/16  in.),Photographs,Photographs,,"Gift of Arnold H. Crane, by exchange, and Purchase, The Horace W. Goldsmith Foundation Gift through Joyce and Robert Menschel, 1993",The Metropolitan Museum of Art,1993.219,https://www.metmuseum.org/art/collection/search/266895,https://images.metmuseum.org/CRDImages/ph/original/DT7041.jpg,"Public Domain (The Met Open Access, CC0)",,,Astronomy
7,007.jpg,Illustration (Typhoon),"Edward Alexander Wadsworth (British, 1889–1949)","Edward Alexander Wadsworth (British, 1889–1949)",1914–1915,"England, 20th century",,woodcut,,Sheet: 31.3 x 27.7 cm (12 5/16 x 10 7/8 in.); Image: 29 x 25.4 cm (11 7/16 x 10 in.),Print,Prints,,John L. Severance Fund,Cleveland Museum of Art,1987.50,https://clevelandart.org/art/1987.50,https://openaccess-cdn.clevelandart.org/1987.50/1987.50_print.jpg,CC0 (Cleveland Museum of Art Open Access),,"From 1913 to 1919, Wadsworth was an exponent of Vorticism, an avant-garde movement in England that, like a vortex or whirling force, drew all the most positive innovative elements of the time into an energetic synthesis. This group of artists, which also included Windham Lewis, David Bomberg, and Christopher Nevinson, developed geometric styles that merged the spatial analysis of Cubism with the preoccupation with dynamic urban motifs and industrial landscapes celebrated by the Italian Futurists. The description of a ship's engine room in Joseph Conrad's novel <em>Typhoon</em> was the motivation for <em>Illustration</em>. The topic was a natural choice for Wadsworth, who was interested in both machinery and the sea.",
8,008.jpg,Nautilus cup,,,1602,,,"Nautilus shell, with gilded silver mounts",,Overall: 11 × 6 5/8 × 4 1/4 in. (27.9 × 16.8 × 10.8 cm),Metalwork-Silver In Combination,European Sculpture and Decorative Arts,,"Gift of J. Pierpont Morgan, 1917",The Metropolitan Museum of Art,17.190.604,https://www.metmuseum.org/art/collection/search/193582,https://images.metmuseum.org/CRDImages/es/original/DP-13615-009.jpg,"Public Domain (The Met Open Access, CC0)",,,
9,009.jpg,"Title page, from ""Trofeo o sia Magnifica Colonna Coclide..."" (The Trophy or Magnificent Spiral Column)",Giovanni Battista Piranesi,Giovanni Battista Piranesi,1774–79,,,Etching,,"Plate: 17 1/2 x 27 7/16 in. (44.5 x 69.7 cm)
Sheet: 21 1/4 x 29 5/16 in. (54 x 74.5 cm) printed horizontally",Prints,Drawings and Prints,,"Rogers Fund, transferred from the Library",The Metropolitan Museum of Art,41.71.1.14(1),https://www.metmuseum.org/art/collection/search/406355,https://images.metmuseum.org/CRDImages/dp/original/DP265577.jpg,"Public Domain (The Met Open Access, CC0)",,,Eagles; Buildings; Men; Portraits
10,010.jpg,Spiral Ornament,,,before 16th century,Colombian,,Gold,,H. 1/4 in. (0.6 cm),Metal-Ornaments,The Michael C. Rockefeller Wing,,Museum Accession,The Metropolitan Museum of Art,X.105.34,https://www.metmuseum.org/art/collection/search/318219,https://images.metmuseum.org/CRDImages/ao/original/VSX105_34_35.jpg,"Public Domain (The Met Open Access, CC0)",,,
11,011.jpg,Wooden Staircase at Chartres,Henri-Jean-Louis Le Secq,Henri-Jean-Louis Le Secq,1852,,,Salted paper print from paper negative,,"Image: 12 7/8 × 9 3/16 in. (32.7 × 23.4 cm)
Sheet: 12 7/8 × 9 3/16 in. (32.7 × 23.4 cm)
Primary Mount: 19 15/16 in. × 13 13/16 in. (50.6 × 35.1 cm)
Secondary Mount: 21 1/16 in. × 15 3/16 in. (53.5 × 38.6 cm)",Photographs,Photographs,,"Gilman Collection, Purchase, The Horace W. Goldsmith Foundation Gift, through Joyce and Robert Menschel, 2005",The Metropolitan Museum of Art,2005.100.35,https://www.metmuseum.org/art/collection/search/283108,https://images.metmuseum.org/CRDImages/ph/original/DP262088.jpg,"Public Domain (The Met Open Access, CC0)",,,Architecture; Stairs
12,012.jpg,Rough Waves,Ogata Kōrin,Ogata Kōrin,ca. 1704–9,Japan,Edo period (1615–1868),"Two-panel folding screen; ink, color, and gold leaf on paper",,"Image: 57 11/16 × 65 1/8 in. (146.5 × 165.4 cm)
Overall: 59 1/4 × 66 1/2 in. (150.5 × 168.9 cm)",Paintings,Asian Art,,"Fletcher Fund, 1926",The Metropolitan Museum of Art,26.117,https://www.metmuseum.org/art/collection/search/44918,https://images.metmuseum.org/CRDImages/as/original/DT1615.jpg,"Public Domain (The Met Open Access, CC0)",,,Waves
13,013.jpg,Coil or Serpentine Fibula,,,900–700 BCE,Etruscan,,bronze,,Overall: 10.8 cm (4 1/4 in.),Jewelry,Greek and Roman Art,,Bequest of Eugene Robison Miles,Cleveland Museum of Art,1970.90,https://clevelandart.org/art/1970.90,https://openaccess-cdn.clevelandart.org/1970.90/1970.90_print.jpg,CC0 (Cleveland Museum of Art Open Access),,,
14,014.jpg,Designs for Components of Stage Sets: at Bottom: Spiral and Wreathed-Colonnaded Pavillion with Central Arch Surmounted by Military Trophy and Another Hanging Inside Arch; at Top: Centralized Pavillion Decorated by Pediment Surmounted by Fountain,Giuseppe Galli Bibiena,Giuseppe Galli Bibiena,1696–1756,,,"Pen, brown ink with black chalk",,23-7/8 x 17-1/4 in.  (60.6 x 43.8 cm),Drawings,Drawings and Prints,,"Purchase, Bequest of Joseph H. Durkee, by exchange, 1972",The Metropolitan Museum of Art,1972.713.63,https://www.metmuseum.org/art/collection/search/344497,https://images.metmuseum.org/CRDImages/dp/original/DP820201.jpg,"Public Domain (The Met Open Access, CC0)",,,Architecture
15,015.jpg,Mirror with a Coiling Dragon,,,700s,"China, Tang dynasty (618-907)",,bronze,,Diameter: 10.2 cm (4 in.); Overall: 1.1 cm (7/16 in.); Rim: 0.8 cm (5/16 in.),Metalwork,Chinese Art,"Thomas and Martha Carter, Madison, WI, given to the Cleveland Museum of Art | The Cleveland Museum of Art, Cleveland, OH",Gift of Drs. Thomas and Martha Carter in Honor of Sherman E. Lee,Cleveland Museum of Art,1995.367,https://clevelandart.org/art/1995.367,https://openaccess-cdn.clevelandart.org/1995.367/1995.367_print.jpg,CC0 (Cleveland Museum of Art Open Access),,"Cast in high-tin and low-lead bronze by the lost wax method, this mirror has a dark and lustrous patina known as <em>heiqigu</em> (literally, “black lacquer antique”). It bears a design of a coiling dragon among trailing clouds. With a small, elongated head connecting to an S-curve of the neck that is as sinuous as the body and tail, the dragon of the Tang period is unique.",
16,016.jpg,"The Great Whirlpool, Niagara",,,c. 1880s,"America or Canada, 19th century",,albumen print from glass negative,,Image: 36.6 x 51.8 cm (14 7/16 x 20 3/8 in.); Matted: 61 x 76.2 cm (24 x 30 in.),Photograph,Photography,"(Charles Isaacs Photographs, Inc., New York, NY) | The Cleveland Museum of Art, Cleveland, OH",John L. Severance Fund,Cleveland Museum of Art,1992.336,https://clevelandart.org/art/1992.336,https://openaccess-cdn.clevelandart.org/1992.336/1992.336_print.jpg,CC0 (Cleveland Museum of Art Open Access),,,
17,017.jpg,Terracotta fragment of a cup with spiral and bands,,,ca. 1800–1700 BCE,Minoan,Middle Minoan II,Terracotta,,Overall: 1 5/16 x 1 5/16in. (3.3 x 3.3cm),Vases,Greek and Roman Art,,"The Cesnola Collection, by exchange, 1911",The Metropolitan Museum of Art,11.186.39,https://www.metmuseum.org/art/collection/search/248540,https://images.metmuseum.org/CRDImages/gr/original/DP121387.jpg,"Public Domain (The Met Open Access, CC0)",,,
18,018.jpg,In the Waves (Dans les Vagues),"Paul Gauguin (French, 1848–1903)","Paul Gauguin (French, 1848–1903)",1889,"France, 19th century",,oil on canvas,,Framed: 123.8 x 106 x 7 cm (48 3/4 x 41 3/4 x 2 3/4 in.); Unframed: 92.5 x 72.4 cm (36 7/16 x 28 1/2 in.),Painting,Modern European Painting and Sculpture,"On consignment with Boussod & Valadon, Paris, FR. | (Gauguin sale, Paris, FR, February 23, 1891, lot 14, to M. Jeanson) | (Joseph Hessel, Paris, FR, March 1906, sold to Gustave Fayet) | (Gustave Fayet [1865–1925], Paris, FR, February 1907, sold to Ambroise Vollard) | (Paul Éluard, Paris, FR, who probably bought it at Galerie Dru in 1923) | (Drouot, Paris, FR, December 12, 1927, lot 103, sold to Hessel) | Leicester Galleries, London, UK. | Purchased by Frank H. Ginn, Cleveland, OH | Mr. and Mrs. Powell Jones, Gates Mills, OH, given to the Cleveland Museum of Art. | The Cleveland Museum of Art, Cleveland, OH",Gift of Mr. and Mrs. William Powell Jones,Cleveland Museum of Art,1978.63,https://clevelandart.org/art/1978.63,https://openaccess-cdn.clevelandart.org/1978.63/1978.63_print.jpg,CC0 (Cleveland Museum of Art Open Access),,"Painted at Pont-Aven in northwest France, this depiction of a nude figure throwing herself into the sea suggests a metaphor for a modern European woman forsaking civilization and abandoning herself to her natural, primitive instincts. The simplified lines and exaggerated colors, especially the contrasting green and orange, seem invented rather than observed from life. Exhibiting the painting at the Café Volpini in Paris in 1889, Gauguin established himself as a leader of the Symbolist movement in art.",
19,019.jpg,Intérieur à L'Escalier en Limaçon (Interior with a Spiral Staircase),Rodolphe Bresdin,Rodolphe Bresdin,19th century,,,Etching,,"Mount: 14 5/8 × 10 5/8 in. (37.2 × 27 cm)
Plate: 3 3/16 × 2 13/16 in. (8.1 × 7.1 cm)",Prints,Drawings and Prints,,"The J. B. Neumann Collection, Gift of Dr. Franz H. Hirschland, 1951",The Metropolitan Museum of Art,51.504.33,https://www.metmuseum.org/art/collection/search/429812,https://images.metmuseum.org/CRDImages/dp/original/DP889778.jpg,"Public Domain (The Met Open Access, CC0)",,,
20,020.jpg,Ceremonial Disk with Grain Pattern (Bi),,,475–221 BCE,"China, Warring States period (475–221 BCE)",,jade (nephrite),,Diameter: 18.4 cm (7 1/4 in.),Jade,Chinese Art,"Heeramaneck Galleries, New York, NY, given to the Cleveland Museum of Art by exchange | The Cleveland Museum of Art, Cleveland, OH",Anonymous Gift,Cleveland Museum of Art,1952.567,https://clevelandart.org/art/1952.567,https://openaccess-cdn.clevelandart.org/1952.567/1952.567_print.jpg,CC0 (Cleveland Museum of Art Open Access),,Jade disks of later centuries developed from the Neolithic period’s plain design to incorporate dense surface decoration. This example bears raised dots with finely incised spirals--so-called grain patterns--arranged in diagonal rows.,
21,021.jpg,Terracotta jar with nautiluses,,,ca. 1400–1300 BCE,"Helladic, Mycenaean",Late Helladic IIIA,Terracotta,,H. 21 1/4 in. (54 cm),Vases,Greek and Roman Art,,"Rogers Fund, 1914",The Metropolitan Museum of Art,14.147.2,https://www.metmuseum.org/art/collection/search/248912,https://images.metmuseum.org/CRDImages/gr/original/DP258799.jpg,"Public Domain (The Met Open Access, CC0)",,,
22,022.jpg,"Flüelen, from the Lake of Lucerne","Joseph Mallord William Turner (British, 1775–1851)","Joseph Mallord William Turner (British, 1775–1851)",1845,"England, 19th century",,watercolor with gouache and scratch-away,,Sheet: 29.2 x 47.9 cm (11 1/2 x 18 7/8 in.),Drawing,Drawings,"Hugh A. J. Munro of Novar? | Rev. C. Upham Barry, Ryde, Isle of Wight, by descent to his daughter | His daughter, wife of Colonel P. G. Hewitt, Ryde, Isle of Wight | (her sale Christie's, London, March 25, 1884, no. 139) | Ralph Brocklebank Sr., Haughton Hall, Tarporley | Ralph Brocklebank Jr., Haughton Hall,. Tarporley | (his sale, Christie's, London, July 7, 1922, no. 34) | (Thomas Agnew and Sons, London) | Grace Rainey Rogers [1867-1943], New York, NY | (her sale, Parke-Bernet Galleries, New York, November 18, 1943, no. 41) | Walter F. Wedgwood, New York, NY | (Durlacher Brothers, New York, sold to the Cleveland Museum of Art, Cleveland, OH) | Cleveland Museum of Art, Cleveland, OH",Mr. and Mrs. William H. Marlatt Fund,Cleveland Museum of Art,1954.129,https://clevelandart.org/art/1954.129,https://openaccess-cdn.clevelandart.org/1954.129/1954.129_print.jpg,CC0 (Cleveland Museum of Art Open Access),,"In this watercolor, created late in his life, J.M.W. Turner depicted the small Swiss town of Flüelen and its shimmering reflection out of violet-colored mist. The work belongs to a group of highly finished works that the artist created during several summer trips to Switzerland between 1841 and 1845. The swirling vortex of light underscores the grandeur of nature, while the inclusion of figures going about their daily lives within the vastness of the Alps is a reminder of the reality of the scene. At the time he painted this view, Turner was considered the great master of Romantic landscape painting in England.",
23,023.jpg,Spiral Column Shaft,,,first half 13th century,Italo-Byzantine,,Marble (Proconnesian marble),,"49 7/8 × 6 1/4 in., 102 lb. (126.7 × 15.9 cm, 46.3 kg)",Sculpture-Architectural,The Cloisters,,"The Cloisters Collection, 1949",The Metropolitan Museum of Art,49.60.10,https://www.metmuseum.org/art/collection/search/468306,https://images.metmuseum.org/CRDImages/cl/original/DP167905.jpg,"Public Domain (The Met Open Access, CC0)",,,
24,024.jpg,Micrographic Design in the Shape of a Labyrinth,Anonymous,Anonymous,early 17th century,,,Pen and black and brown ink.,,Overall: 6 3/4 × 11 1/16 in. (17.1 × 28.1 cm),Albums,Drawings and Prints,,"Purchase, Daniel Ergmann Gift, 2014",The Metropolitan Museum of Art,2014.96(12),https://www.metmuseum.org/art/collection/search/735626,https://images.metmuseum.org/CRDImages/dp/original/DP-12235-026.jpg,"Public Domain (The Met Open Access, CC0)",,,
25,025.jpg,"Addedomaros Stater: Horse, Branch, and Spiral Sun (reverse)",,,50 BCE–10 CE,"England, Catuvellauni",,gold,,Diameter: 2.1 cm (13/16 in.),Coins,Medieval Art,"Mrs. Emery May Holden Norweb (1895-1984), Cleveland, OH, gifted to the Cleveland Museum of Art | The Cleveland Museum of Art, Cleveland, OH",The Norweb Collection,Cleveland Museum of Art,1969.147.b,https://clevelandart.org/art/1969.147.b,https://openaccess-cdn.clevelandart.org/1969.147.b/1969.147.b_print.jpg,CC0 (Cleveland Museum of Art Open Access),,,
26,026.jpg,Rock and Waves,Maruyama Ōkyo 円山応挙,Maruyama Ōkyo 円山応挙,dated 1773,Japan,Edo period (1615–1868),Two-panel folding screen; ink and color on paper,,"Image: 22 in. × 53 3/8 in. (55.9 × 135.6 cm)
Overall: 29 1/4 in. × 74 in. (74.3 × 188 cm)",Paintings,Asian Art,,"Seymour Fund, 1957",The Metropolitan Museum of Art,57.156.1,https://www.metmuseum.org/art/collection/search/45422,https://images.metmuseum.org/CRDImages/as/original/DP-13707-001.jpg,"Public Domain (The Met Open Access, CC0)",,,Waves
27,027.jpg,Mirror with Concentric Circles and Linked Arcs,,,late 200s–9 BCE,"China, Western Han dynasty (206 BCE–8 CE)",,bronze,,Diameter: 8.1 cm (3 3/16 in.); Overall: 0.9 cm (3/8 in.); Rim: 0.5 cm (3/16 in.),Metalwork,Chinese Art,"Thomas and Martha Carter, Madison, WI",Gift of Drs. Thomas and Martha Carter in Honor of Sherman E. Lee,Cleveland Museum of Art,1995.290,https://clevelandart.org/art/1995.290,https://openaccess-cdn.clevelandart.org/1995.290/1995.290_print.jpg,CC0 (Cleveland Museum of Art Open Access),,"Inscription: By the light of the sun, The world is made bright.",
28,028.jpg,Winds & Waves,John Dillwyn Llewelyn,John Dillwyn Llewelyn,1853–56,,,Salted paper print,,Image: 12 × 10.8 cm (4 3/4 × 4 1/4 in.),Photographs,Photographs,,"Gilman Collection, Gift of The Howard Gilman Foundation, 2005",The Metropolitan Museum of Art,2005.100.382 (6),https://www.metmuseum.org/art/collection/search/287896,https://images.metmuseum.org/CRDImages/ph/original/DP143474.jpg,"Public Domain (The Met Open Access, CC0)",,,Women; Beaches
29,029.jpg,Spirals,,,,Cypriot,,Gold,,Diameter: 3/8 x 1/16 in. (1 x 0.1 cm),Gold and Silver,Greek and Roman Art,,"The Cesnola Collection, Purchased by subscription, 1874–76",The Metropolitan Museum of Art,74.51.3099,https://www.metmuseum.org/art/collection/search/242532,https://images.metmuseum.org/CRDImages/gr/original/sf74513099.jpg,"Public Domain (The Met Open Access, CC0)",,,
30,030.jpg,Snails,"Nagasawa Rosetsu (Japanese, 1754–1799)","Nagasawa Rosetsu (Japanese, 1754–1799)",c. 1788–89,"Japan, Edo period (1615–1868)",,"Hanging scroll; ink, color, and metallic pigments on paper",,Image: 114.3 x 40.6 cm (45 x 16 in.); Overall: 200.7 x 54 cm (79 x 21 1/4 in.),Painting,Japanese Art,"(James J. Freeman, Kyoto, Japan, sold to the Cleveland Museum of Art) | The Cleveland Museum of Art, Cleveland, OH",John L. Severance Fund,Cleveland Museum of Art,1998.5,https://clevelandart.org/art/1998.5,https://openaccess-cdn.clevelandart.org/1998.5/1998.5_print.jpg,CC0 (Cleveland Museum of Art Open Access),,"In this work, Nagasawa Rosetsu carefully described two snails in a manner known as “earth painting” (<em>doro-e</em>), building up colors mixed with crushed white shells in emulation of the thick brushstrokes of oil paint seen in European painting. A silvery metallic pigment indicates the snails’ trails, glistening along an earthen wall. Notably, one trail has no snail, leaving the viewer to guess why.",
31,031.jpg,Column of Trajan,Anonymous,Anonymous,1544,,,Engraving,,sheet: 19 7/16 x 11 1/2 in. (49.4 x 29.2 cm),Prints,Drawings and Prints,,"Purchase, Joseph Pulitzer Bequest, 1917",The Metropolitan Museum of Art,17.50.19-117,https://www.metmuseum.org/art/collection/search/403472,https://images.metmuseum.org/CRDImages/dp/original/DP870472.jpg,"Public Domain (The Met Open Access, CC0)",,,Columns; Monuments; Rome
32,032.jpg,Mandala Base,,,early 1400s,"China, Ming dynasty (1368–1644)",,cloisonné enamel,,Diameter: 30.8 cm (12 1/8 in.),Enamel,Chinese Art,"(Donald J. Wineman, New York, NY, sold to the Cleveland Museum of Art) | The Cleveland Museum of Art, Cleveland, OH",Purchase from the J. H. Wade Fund,Cleveland Museum of Art,1987.58,https://clevelandart.org/art/1987.58,https://openaccess-cdn.clevelandart.org/1987.58/1987.58_print.jpg,CC0 (Cleveland Museum of Art Open Access),,"A ritual object of Tibetan Buddhism, this cloisonné disc is used as the base for a three-dimensional mandala composed of miniature buildings. The decoration includes the lotus flowers and the Eight Buddhist Treasures: the wheel, the conch, the umbrella, the canopy, the lotus, the paired fish, the vase, and the endless knot.",
33,033.jpg,Spiral Ring with Isis and Serapis,,,1–100 CE,"Greece or Italy, Rome (?)",,gold,,Diameter: 2 cm (13/16 in.),Jewelry,Greek and Roman Art,,Gift of Mr. and Mrs. J. H. Wade,Cleveland Museum of Art,1916.103,https://clevelandart.org/art/1916.103,https://openaccess-cdn.clevelandart.org/1916.103/1916.103_print.jpg,CC0 (Cleveland Museum of Art Open Access),,"This spiral gold ring is decorated with tiny busts on either terminal, representing the gods Isis and Serapis. Both gods are shown from the waist up, with wide shoulders and small heads that create a shape reminiscent of a cobra snake.",
34,034.jpg,Waves,"Nakamura Hōchū (Japanese, d. 1819)","Nakamura Hōchū (Japanese, d. 1819)",late 1700s-early 1800s,"Japan, Edo period (1615–1868)",,fan painting mounted as a hanging scroll; ink and color with gold on paper,,Image: 39.8 x 53 cm (15 11/16 x 20 7/8 in.); Overall: 126.4 x 61.3 cm (49 3/4 x 24 1/8 in.),Painting,Japanese Art,"(London Gallery, Ltd., Tokyo, Japan, sold to the Cleveland Museum of Art) | The Cleveland Museum of Art, Cleveland, OH",John L. Severance Fund,Cleveland Museum of Art,1999.90,https://clevelandart.org/art/1999.90,https://openaccess-cdn.clevelandart.org/1999.90/1999.90_print.jpg,CC0 (Cleveland Museum of Art Open Access),,"Nakamura Hōchū painted waves on this handheld fan to bring coolness to the mind of its bearer. While fragile paper fans are often used for a single season, this one was cherished for its design. Someone carefully removed it from its folding apparatus and converted it into a hanging scroll for occasional enjoyment in an alcove.",
35,035.jpg,Acanthus Scroll with Rosette,"Anonymous, Italian, 17th century","Anonymous, Italian, 17th century",17th century,,,"Brush and brown wash, over graphite",,image: 11 7/8 x 8 1/4 in. (30.2 x 21 cm),Drawings,Drawings and Prints,,"The Elisha Whittelsey Collection, The Elisha Whittelsey Fund, 1952",The Metropolitan Museum of Art,52.570.93,https://www.metmuseum.org/art/collection/search/389386,https://images.metmuseum.org/CRDImages/dp/original/DP802611.jpg,"Public Domain (The Met Open Access, CC0)",,,Acanthus
36,036.jpg,"Lunar Photograph, South Pole",Paul Henry,Paul Henry,1890,,,Albumen silver print from glass negative,,22.9 x 16.4 cm. (9  x 6  7/16  in.),Photographs,Photographs,,"Gift of Rolf Mayer, 1995",The Metropolitan Museum of Art,1995.125,https://www.metmuseum.org/art/collection/search/267137,https://images.metmuseum.org/CRDImages/ph/original/DP-15797-009.jpg,"Public Domain (The Met Open Access, CC0)",,,Moon; Astronomy
37,037.jpg,Nautilus Reading Lamp,"Tiffany Glass & Decorating Company (America, New York, 1892–1902)","Tiffany Glass & Decorating Company (America, New York, 1892–1902)",c. 1899–1902,"America, early 20th Century",,"bronze, leaded glass",,Overall: 34.5 x 21.3 x 13.4 cm (13 9/16 x 8 3/8 x 5 1/4 in.),Metalwork,Decorative Art and Design,"Virginia Hubbell [1901-1997], Cleveland, OH, bequest to the Cleveland Museum of Art | The Cleveland Museum of Art",Bequest of Virginia Hubbell,Cleveland Museum of Art,1997.298,https://clevelandart.org/art/1997.298,https://openaccess-cdn.clevelandart.org/1997.298/1997.298_print.jpg,CC0 (Cleveland Museum of Art Open Access),,"Benjamin Hubbell, the architect of the Cleveland Museum of Art, acquired this vase from Louis Comfort Tiffany, with whom he collaborated on various projects. The shape of the nautilus shell provides the perfect space to conceal a light bulb, the newest form of technology at the time. As a result, this lamp was a critical success and sold both in this original form and with the later alteration of a bronze mermaid for the stand and an actual nautilus shell for the shade.",
38,038.jpg,Clouds and Waves at the Wu Gorge,"Xie Shichen (Chinese, 1487–after 1567)","Xie Shichen (Chinese, 1487–after 1567)",c. 1547–67,"China, Ming dynasty (1368–1644)",,hanging scroll; ink and light color on paper,,Painting: 243.1 x 90 cm (95 11/16 x 35 7/16 in.); Overall with knobs: 295.6 x 115 cm (116 3/8 x 45 1/4 in.),Painting,Chinese Art,"Tanaka Buhei 田中武兵衛 [early 1900s], Tokyo, Japan | (Cheng Qi 程琦 [1911–1988], Tokyo, Japan, sold to the Cleveland Museum of Art) | The Cleveland Museum of Art, Cleveland, OH",Leonard C. Hanna Jr. Fund,Cleveland Museum of Art,1968.213,https://clevelandart.org/art/1968.213,https://openaccess-cdn.clevelandart.org/1968.213/1968.213_print.jpg,CC0 (Cleveland Museum of Art Open Access),,"This dramatic landscape was probably painted after Xie Shichen returned from a journey in 1547 that took him through various provinces of China, including Sichuan Province in southwest China and sailing the Yangzi River. The composition from a high vantage point offers a view deep into the Wu Gorge where rolling waves put a ship in peril. The scale and composition of this landscape, which was inspired by the majestic mountain scenery in Sichuan Province, as well as Xie’s vigorous brushwork, are exceptional.",
39,039.jpg,Wave,"Aristide Maillol (French, 1861–1944)","Aristide Maillol (French, 1861–1944)",1895–98,"France, late 19th Century",,wood engraving,,Image: 16.9 x 19.6 cm (6 5/8 x 7 11/16 in.); Sheet: 25.1 x 30.3 cm (9 7/8 x 11 15/16 in.),Print,Prints,"H. Petiet (with stamp) | (Catherine E. Burns Fine Prints, Oakland, CA) | The Cleveland Museum of Art, Cleveland, OH",Dudley P. Allen Fund,Cleveland Museum of Art,1997.5,https://clevelandart.org/art/1997.5,https://openaccess-cdn.clevelandart.org/1997.5/1997.5_print.jpg,CC0 (Cleveland Museum of Art Open Access),,"The color woodcuts of Katsushika Hokusai were highly esteemed. One of his most famous prints, <em>The Great Wave off Kanagawa</em> (1823-31), is a striking image of an enormous cresting wave. Maillol exploited the curling water motif to achieve an energetic linear design that surrounds and cushions the nude woman but also creates a lively contrast to the large, flat white shape of her body. A precursor to Maillol's future work as a sculptor, <em>Wave</em> reveals the artist's interest in conveying the sensual curves of the female form.",
40,040.jpg,Kasuga Deer Mandala (Kasuga shika mandara zu),,,late 14th century,Japan,Nanbokuchō period (1336–92),Hanging scroll; color on silk,,"Image: 33 15/16 × 13 7/8 in. (86.2 × 35.2 cm)
Overall with mounting: 66 15/16 × 20 15/16 in. (170 × 53.2 cm)
Overall with knobs: 66 15/16 × 22 15/16 in. (170 × 58.2 cm)",Paintings,Asian Art,,"Mary Griggs Burke Collection, Gift of the Mary and Jackson Burke Foundation, 2015",The Metropolitan Museum of Art,2015.300.11,https://www.metmuseum.org/art/collection/search/53187,https://images.metmuseum.org/CRDImages/as/original/DP361152.jpg,"Public Domain (The Met Open Access, CC0)",,,Deer; Buddhism; Bodhisattvas; Buddha
